<!DOCTYPE node PUBLIC
'-//freedesktop//DTD D-BUS Object Introspection 1.0//EN'
'http://www.freedesktop.org/standards/dbus/1.0/introspect.dtd'>

<node>
    <interface name="timepp.zagortenay333.Stopwatch">

        <method name="start"/>
        <method name="stop"/>
        <method name="reset"/>
        <method name="lap"/>
        <method name="show_fullscreen"/>

        <!-- time is returned in microseconds -->
        <method name="get_time">
            <arg name="time" type="u" direction="out"/>
        </method>

    </interface>
</node>
