<!DOCTYPE node PUBLIC
'-//freedesktop//DTD D-BUS Object Introspection 1.0//EN'
'http://www.freedesktop.org/standards/dbus/1.0/introspect.dtd'>

<node>
    <interface name="timepp.zagortenay333.TimeTracker">

        <method name="stop_all_tracking"/>

        <!--
           The argument is the tracker id specified using the
           'tracker_id:string' todo.txt extension.
        -->
        <method name="stop_tracking_by_id">
            <arg name="tracker_id" type="s" direction="in"/>
        </method>

        <method name="start_tracking_by_id">
            <arg name="tracker_id" type="s" direction="in"/>
        </method>

        <!--
          The return value is a single string where each tracked task is
          delimited by the string '___timepp___'. (The dbus api is wonky and
          that's all I could come up with to make it usable with bash...)

          For example, the two tasks: "(B) asf" and "(A) asdf asdf"
          will be returned as:
          "(A) asdf asdf___timepp___(B) asf___timepp___"
        -->
        <method name="get_tracked_tasks">
            <arg type="s" direction="out"/>
        </method>

        <!-- The projects are returned in a similar fashion to tasks. -->
        <method name="get_tracked_projects">
            <arg type="s" direction="out"/>
        </method>

        <signal name="started_tracking">
            <arg name="tracked_task" type="s"/>
        </signal>

        <signal name="stopped_tracking">
            <arg name="untracked_task" type="s"/>
        </signal>

    </interface>
</node>
