{
  "_generated": "Generated by SweetTooth, do not edit",
  "description": "GNOME Shell integration for Plank, the simplest dock on the planet. To use this extension, you must have Plank installed on your system.\n\nThis extension depends on Plank. To install it:\n- Debian/Ubuntu: apt install plank\n- Fedora/RHEL: dnf install plank\n- Arch: pacman -S plank\n\n** This extension does NOT WORK on WAYLAND.",
  "gettext-domain": "dash-to-plank",
  "name": "Dash to Plank",
  "settings-schema": "org.gnome.shell.extensions.dash-to-plank",
  "shell-version": [
    "3.34",
    "3.32",
    "3.36",
    "3.38",
    "40",
    "41",
    "42",
    "43",
    "44"
  ],
  "url": "https://github.com/hardpixel/dash-to-plank",
  "uuid": "dash-to-plank@hardpixel.eu",
  "version": 15
}