{
  "_generated": "Generated by SweetTooth, do not edit",
  "description": "Like MacOS, puts windows in a new workspace when maximized or full-screened and brings you back to original workspacce when unmaximized or unfull-screened or the window gets closed. Recommended to use with multi finger gestures configured for your trackpad.",
  "name": "Maximize To Workspace With History",
  "shell-version": [
    "3.36",
    "3.38",
    "40",
    "41",
    "42",
    "43"
  ],
  "url": "https://github.com/raonetwo/MaximizeToWorkspace",
  "uuid": "maximize-to-workspace@raonetwo.github.com",
  "version": 23
}