{
  "_generated": "Generated by SweetTooth, do not edit",
  "description": "A Dash to Dock fork for the COSMIC/GNOME Shell, fixes conflicts with Cosmic Workspace.  It prevents Cosmic Workspaces from breaking after suspend. \n\nAdded Features:\nBorder Radius \nBorder Margins\nDock &amp;amp; Icon Alignment\nEtc.",
  "gettext-domain": "dashtodock",
  "name": "Dash to Dock for COSMIC",
  "original-author": "halfmexicanhalfamazing@gmail.com",
  "shell-version": [
    "40",
    "41",
    "42",
    "43"
  ],
  "url": "https://github.com/halfmexican/dash-to-dock-pop/tree/ubuntu-dock",
  "uuid": "dash-to-dock-cosmic-@halfmexicanhalfamazing@gmail.com",
  "version": 23
}