{
  "_generated": "Generated by SweetTooth, do not edit",
  "description": "Display weather information for any location on Earth in the GNOME Shell\n\nIf you get an ERROR after update:\n- Restart the GNOME shell (log out)\n- or Reboot completely",
  "gettext-domain": "gnome-shell-extension-openweather",
  "name": "OpenWeather",
  "settings-schema": "org.gnome.shell.extensions.openweather",
  "shell-version": [
    "42"
  ],
  "url": "https://gitlab.com/skrewball/openweather",
  "uuid": "openweather-extension@jenslody.de",
  "version": 118
}