<?xml version="1.0" encoding="UTF-8"?>

<schemalist gettext-domain="gnome-shell-extensions">
    <enum id="org.gnome.shell.extensions.timepp.position-in-panel">
        <value value="0" nick="Left"/>
        <value value="1" nick="Center"/>
        <value value="2" nick="Right"/>
    </enum>

    <!-- timer, stopwatch, pomodoro -->
    <enum id="org.gnome.shell.extensions.timepp.clocks-panel-mode">
        <value value="0" nick="Icon"/>
        <value value="1" nick="Text"/>
        <value value="2" nick="Icon and Text"/>
        <value value="3" nick="Dynamic"/>
    </enum>

    <enum id="org.gnome.shell.extensions.timepp.todo-panel-mode">
        <value value="0" nick="Icon"/>
        <value value="1" nick="Text"/>
        <value value="2" nick="Icon and Text"/>
    </enum>

    <enum id="org.gnome.shell.extensions.timepp.notif-style">
        <value value="0" nick="Standard"/>
        <value value="1" nick="Fullscreen"/>
        <value value="2" nick="None"/>
    </enum>

    <enum id="org.gnome.shell.extensions.timepp.clock-format">
        <value value="0" nick="h:m"/>
        <value value="1" nick="h:m:s"/>
        <value value="2" nick="h:m:s:ms"/>
    </enum>

    <enum id="org.gnome.shell.extensions.timepp.todo-hot-mode-type">
        <value value="0" nick="Task"/>
        <value value="1" nick="Project"/>
    </enum>

    <schema path="/org/gnome/shell/extensions/timepp/" id="org.gnome.shell.extensions.timepp">
        <!-- ======================================
        @@@  General
        ======================================= -->
        <key name="unicon-mode" type="b">
            <default>false</default>
        </key>

        <key name="panel-item-position" enum="org.gnome.shell.extensions.timepp.position-in-panel">
            <default>"Right"</default>
        </key>

        <key name="sections" type="a{sa{sb}}">
            <default>{
                'Timer'     : {'enabled': true},
                'Stopwatch' : {'enabled': true},
                'Pomodoro'  : {'enabled': true},
                'Alarms'    : {'enabled': true},
                'Todo'      : {'enabled': true}
            }</default>
        </key>


        <!-- ======================================
        @@@  Timer
        ======================================= -->
        <key name="timer-fullscreen-monitor-pos" type="i">
            <default>0</default>
        </key>

        <key name="timer-separate-menu" type="b">
            <default>false</default>
        </key>

        <key name="timer-show-seconds" type="b">
            <default>false</default>
        </key>

        <key name="timer-panel-mode" enum="org.gnome.shell.extensions.timepp.clocks-panel-mode">
            <default>"Icon and Text"</default>
        </key>

        <key name="timer-sound-file-path" type="s">
            <default>""</default>
        </key>

        <key name="timer-notif-style" enum="org.gnome.shell.extensions.timepp.notif-style">
            <default>"Standard"</default>
        </key>

        <key name="timer-play-sound" type="b">
            <default>false</default>
        </key>

        <key name="timer-do-repeat-notif-sound" type="b">
            <default>false</default>
        </key>

        <key name="timer-keybinding-open" type="as">
            <default><![CDATA[[""]]]></default>
        </key>

        <key name="timer-keybinding-open-fullscreen" type="as">
            <default><![CDATA[[""]]]></default>
        </key>

        <key name="timer-keybinding-open-to-search-presets" type="as">
            <default><![CDATA[[""]]]></default>
        </key>


        <!-- ======================================
        @@@  Stopwatch
        ======================================= -->
        <key name="stopwatch-fullscreen-monitor-pos" type="i">
            <default>0</default>
        </key>

        <key name="stopwatch-separate-menu" type="b">
            <default>false</default>
        </key>

        <key name="stopwatch-clock-format" enum="org.gnome.shell.extensions.timepp.clock-format">
            <default>"h:m:s"</default>
        </key>

        <key name="stopwatch-panel-mode" enum="org.gnome.shell.extensions.timepp.clocks-panel-mode">
            <default>"Icon and Text"</default>
        </key>

        <key name="stopwatch-keybinding-open" type="as">
            <default><![CDATA[[""]]]></default>
        </key>

        <key name="stopwatch-keybinding-open-fullscreen" type="as">
            <default><![CDATA[[""]]]></default>
        </key>


        <!-- ======================================
        @@@  Pomodoro
        ======================================= -->
        <key name="pomodoro-fullscreen-monitor-pos" type="i">
            <default>0</default>
        </key>

        <key name="pomodoro-separate-menu" type="b">
            <default>false</default>
        </key>

        <key name="pomodoro-show-seconds" type="b">
            <default>false</default>
        </key>

        <key name="pomodoro-panel-mode" enum="org.gnome.shell.extensions.timepp.clocks-panel-mode">
            <default>"Icon and Text"</default>
        </key>

        <key name="pomodoro-notif-style" enum="org.gnome.shell.extensions.timepp.notif-style">
            <default>"Standard"</default>
        </key>

        <key name="pomodoro-do-repeat-notif-sound" type="b">
            <default>false</default>
        </key>

        <key name="pomodoro-sound-file-path-pomo" type="s">
            <default>""</default>
        </key>

        <key name="pomodoro-sound-file-path-short-break" type="s">
            <default>""</default>
        </key>

        <key name="pomodoro-sound-file-path-long-break" type="s">
            <default>""</default>
        </key>

        <key name="pomodoro-play-sound-pomo" type="b">
            <default>false</default>
        </key>

        <key name="pomodoro-play-sound-short-break" type="b">
            <default>false</default>
        </key>

        <key name="pomodoro-play-sound-long-break" type="b">
            <default>false</default>
        </key>

        <key name="pomodoro-keybinding-open" type="as">
            <default><![CDATA[[""]]]></default>
        </key>

        <key name="pomodoro-keybinding-open-fullscreen" type="as">
            <default><![CDATA[[""]]]></default>
        </key>


        <!-- ======================================
        @@@  Alarms
        ======================================= -->
        <key name="alarms-fullscreen-monitor-pos" type="i">
            <default>0</default>
        </key>

        <key name="alarms-separate-menu" type="b">
            <default>true</default>
        </key>

        <key name="alarms-sound-file-path" type="s">
            <default>""</default>
        </key>

        <key name="alarms-play-sound" type="b">
            <default>false</default>
        </key>

        <key name="alarms-do-repeat-notif-sound" type="b">
            <default>false</default>
        </key>

        <key name="alarms-notif-style" enum="org.gnome.shell.extensions.timepp.notif-style">
            <default>"Standard"</default>
        </key>

        <key name="alarms-keybinding-open" type="as">
            <default><![CDATA[[""]]]></default>
        </key>


        <!-- ======================================
        @@@  Todo and Time Tracker
        ======================================= -->
        <key name="todo-separate-menu" type="b">
            <default>true</default>
        </key>

        <key name="todo-panel-mode" enum="org.gnome.shell.extensions.timepp.todo-panel-mode">
            <default>"Icon and Text"</default>
        </key>

        <key name="todo-task-width" type="i">
            <default>300</default>
        </key>

        <key name="todo-show-task-editor-preview" type="b">
            <default>true</default>
        </key>

        <key name="todo-resume-tracking" type="b">
            <default>true</default>
        </key>

        <key name="todo-stats-heatmap-visible" type="b">
            <default>true</default>
        </key>

        <key name="todo-hot-mode-type" enum="org.gnome.shell.extensions.timepp.todo-hot-mode-type">
            <default>"Project"</default>
        </key>

        <key name="todo-graph-shows-intervals" type="b">
            <default>true</default>
        </key>

        <key name="todo-keybinding-open" type="as">
            <default><![CDATA[[""]]]></default>
        </key>

        <key name="todo-keybinding-open-to-add" type="as">
            <default><![CDATA[[""]]]></default>
        </key>

        <key name="todo-keybinding-open-to-search" type="as">
            <default><![CDATA[[""]]]></default>
        </key>

        <key name="todo-keybinding-open-to-stats" type="as">
            <default><![CDATA[[""]]]></default>
        </key>

        <key name="todo-keybinding-open-to-switch-files" type="as">
            <default><![CDATA[[""]]]></default>
        </key>

        <key name="todo-keybinding-open-todotxt-file" type="as">
            <default><![CDATA[[""]]]></default>
        </key>
    </schema>
</schemalist>
