{
    "name"             : "Time ++",
    "uuid"             : "timepp@zagortenay333",
    "description"      : "A todo.txt manager, time tracker, timer, stopwatch, pomodoro, and alarm clock",
    "original-author"  : "https://github.com/zagortenay333",
    "url"              : "https://github.com/zagortenay333/timepp__gnome",
    "issues_url"       : "https://github.com/zagortenay333/timepp__gnome/issues",
    "translations_url" : "https://github.com/zagortenay333/timepp__gnome/tree/master/data/po_files",
    "gettext-domain"   : "timepp",
    "version"          : -1,
    "shell-version"    : ["42"],
    "cache-file-format-version" : {
        "timer"     : 3,
        "stopwatch" : 4,
        "pomodoro"  : 3,
        "alarms"    : 3,
        "todo"      : 10
    }
}
